{"cameraMode":{"drawMode":0,"name":"Shaded","section":"Shading Mode"},"sceneLighting":true,"audioPlay":false,"sceneViewState":{"showFog":true,"showMaterialUpdate":false,"showSkybox":true,"showFlares":true,"showImageEffects":true,"showParticleSystems":true},"in2DMode":false,"pivot":{"x":-2.137627124786377,"y":1.329576015472412,"z":-2.921283006668091},"rotation":{"x":0.263577938079834,"y":-0.6376593708992004,"z":0.2470371127128601,"w":0.6803759932518005},"size":3.0955066680908205,"orthographic":false}