{"cameraMode":{"drawMode":0,"name":"Shaded","section":"Shading Mode"},"sceneLighting":false,"audioPlay":false,"sceneViewState":{"showFog":true,"showMaterialUpdate":false,"showSkybox":true,"showFlares":true,"showImageEffects":true,"showParticleSystems":true},"in2DMode":false,"pivot":{"x":-7.876847267150879,"y":-8.704107284545899,"z":17.293212890625},"rotation":{"x":0.22584229707717896,"y":-0.3130200505256653,"z":0.07691752910614014,"w":0.9193130135536194},"size":40.356407165527347,"orthographic":false}