{"cameraMode":{"drawMode":0,"name":"Shaded","section":"Shading Mode"},"sceneLighting":false,"audioPlay":false,"sceneViewState":{"showFog":true,"showMaterialUpdate":false,"showSkybox":true,"showFlares":true,"showImageEffects":true,"showParticleSystems":true},"in2DMode":false,"pivot":{"x":-4.242459774017334,"y":5.9550042152404789,"z":1.195902943611145},"rotation":{"x":0.1261192262172699,"y":-0.7118763327598572,"z":0.1324208527803421,"w":0.6781170964241028},"size":18.07815933227539,"orthographic":false}