{"cameraMode":{"drawMode":0,"name":"Shaded","section":"Shading Mode"},"sceneLighting":false,"audioPlay":false,"sceneViewState":{"showFog":true,"showMaterialUpdate":false,"showSkybox":false,"showFlares":true,"showImageEffects":true,"showParticleSystems":true},"in2DMode":false,"pivot":{"x":-3.609999895095825,"y":3.119999885559082,"z":-0.7799999713897705},"rotation":{"x":0.121193528175354,"y":0.011911377310752869,"z":-0.0014536181697621942,"w":0.9925664663314819},"size":4.629771709442139,"orthographic":true}