{"cameraMode":{"drawMode":0,"name":"Shaded","section":"Shading Mode"},"sceneLighting":false,"audioPlay":false,"sceneViewState":{"showFog":true,"showMaterialUpdate":false,"showSkybox":false,"showFlares":true,"showImageEffects":true,"showParticleSystems":true},"in2DMode":false,"pivot":{"x":-0.1900000274181366,"y":0.003000020980834961,"z":3.874000072479248},"rotation":{"x":0.25008609890937807,"y":-0.2920744717121124,"z":0.07942066341638565,"w":0.9197074770927429},"size":4.629772663116455,"orthographic":true}