{"cameraMode":{"drawMode":0,"name":"Shaded","section":"Shading Mode"},"sceneLighting":false,"audioPlay":false,"sceneViewState":{"showFog":true,"showMaterialUpdate":false,"showSkybox":false,"showFlares":true,"showImageEffects":true,"showParticleSystems":true},"in2DMode":false,"pivot":{"x":-3.609999895095825,"y":3.119999885559082,"z":-0.7799999713897705},"rotation":{"x":0.25008609890937807,"y":-0.2920744717121124,"z":0.07942066341638565,"w":0.9197074770927429},"size":4.629771709442139,"orthographic":true}