{"cameraMode":{"drawMode":0,"name":"Shaded","section":"Shading Mode"},"sceneLighting":false,"audioPlay":false,"sceneViewState":{"showFog":true,"showMaterialUpdate":false,"showSkybox":true,"showFlares":true,"showImageEffects":true,"showParticleSystems":true},"in2DMode":false,"pivot":{"x":-14.373517990112305,"y":-6.328204154968262,"z":13.85726547241211},"rotation":{"x":0.22584229707717896,"y":-0.3130200505256653,"z":0.07691752910614014,"w":0.9193130135536194},"size":31.992557525634767,"orthographic":false}