{"cameraMode":{"drawMode":0,"name":"Shaded","section":"Shading Mode"},"sceneLighting":false,"audioPlay":false,"sceneViewState":{"showFog":true,"showMaterialUpdate":false,"showSkybox":true,"showFlares":true,"showImageEffects":true,"showParticleSystems":true},"in2DMode":false,"pivot":{"x":-0.70849609375,"y":1.97802734375,"z":1.13525390625},"rotation":{"x":-0.15751811861991883,"y":0.40888768434524538,"z":-0.07184549421072006,"w":-0.8960485458374023},"size":6.953361988067627,"orthographic":true}