{"cameraMode":{"drawMode":0,"name":"Shaded","section":"Shading Mode"},"sceneLighting":true,"audioPlay":false,"sceneViewState":{"showFog":true,"showMaterialUpdate":false,"showSkybox":true,"showFlares":true,"showImageEffects":true,"showParticleSystems":true},"in2DMode":false,"pivot":{"x":1.9785857200622559,"y":5.598580360412598,"z":-15.115934371948243},"rotation":{"x":-0.18910399079322816,"y":0.3580951392650604,"z":-0.07430524379014969,"w":-0.9113122224807739},"size":14.552977561950684,"orthographic":false}