{"cameraMode":{"drawMode":0,"name":"Shaded","section":"Shading Mode"},"sceneLighting":false,"audioPlay":false,"sceneViewState":{"showFog":true,"showMaterialUpdate":false,"showSkybox":true,"showFlares":true,"showImageEffects":true,"showParticleSystems":true},"in2DMode":false,"pivot":{"x":0.36968994140625,"y":0.9127197265625,"z":-1.396240234375},"rotation":{"x":0.21935449540615083,"y":-0.6366874575614929,"z":0.19589531421661378,"w":0.7128734588623047},"size":5.396878242492676,"orthographic":true}