{"cameraMode":{"drawMode":0,"name":"Shaded","section":"Shading Mode"},"sceneLighting":false,"audioPlay":false,"sceneViewState":{"showFog":true,"showMaterialUpdate":false,"showSkybox":false,"showFlares":true,"showImageEffects":true,"showParticleSystems":true},"in2DMode":false,"pivot":{"x":-3.6429998874664308,"y":3.25,"z":-0.7082351446151733},"rotation":{"x":0.5577304363250732,"y":-0.18531447649002076,"z":0.12942415475845338,"w":0.7986702919006348},"size":3.319213628768921,"orthographic":false}