{"cameraMode":{"drawMode":0,"name":"Shaded","section":"Shading Mode"},"sceneLighting":true,"audioPlay":false,"sceneViewState":{"showFog":true,"showMaterialUpdate":false,"showSkybox":true,"showFlares":true,"showImageEffects":true,"showParticleSystems":true},"in2DMode":false,"pivot":{"x":-2.2037758827209474,"y":1.755213737487793,"z":-2.4895503520965578},"rotation":{"x":-0.3727978765964508,"y":0.4689596891403198,"z":-0.22775693237781526,"w":-0.7676329016685486},"size":7.202215671539307,"orthographic":false}