{"cameraMode":{"drawMode":0,"name":"Shaded","section":"Shading Mode"},"sceneLighting":true,"audioPlay":false,"sceneViewState":{"showFog":true,"showMaterialUpdate":false,"showSkybox":true,"showFlares":true,"showImageEffects":true,"showParticleSystems":true},"in2DMode":false,"pivot":{"x":4.951025485992432,"y":1.2444753646850587,"z":1.6643688678741456},"rotation":{"x":-0.11283484101295471,"y":-0.7574228644371033,"z":0.13594578206539155,"w":-0.6285793781280518},"size":12.854500770568848,"orthographic":false}