{"cameraMode":{"drawMode":0,"name":"Shaded","section":"Shading Mode"},"sceneLighting":false,"audioPlay":false,"sceneViewState":{"showFog":true,"showMaterialUpdate":false,"showSkybox":true,"showFlares":true,"showImageEffects":true,"showParticleSystems":true},"in2DMode":false,"pivot":{"x":-0.9234682321548462,"y":1.0954580307006837,"z":-0.45610353350639346},"rotation":{"x":-0.011251279152929783,"y":0.9887327551841736,"z":-0.11170239001512528,"w":-0.09940294176340103},"size":1.2973949909210206,"orthographic":true}