{"cameraMode":{"drawMode":0,"name":"Shaded","section":"Shading Mode"},"sceneLighting":false,"audioPlay":false,"sceneViewState":{"showFog":true,"showMaterialUpdate":false,"showSkybox":true,"showFlares":true,"showImageEffects":true,"showParticleSystems":true},"in2DMode":false,"pivot":{"x":-0.4833984375,"y":1.72802734375,"z":0.92529296875},"rotation":{"x":0.262332946062088,"y":0.021697061136364938,"z":-0.005944911856204271,"w":0.9647477865219116},"size":6.3130574226379398,"orthographic":true}